"(PDH-CSV 4.0) (W. Europe Daylight Time)(-120)","\\DLH-5CD3129BVL\Processor(_Total)\% Processor Time","\\DLH-5CD3129BVL\Memory\Available MBytes"
"09/27/2026 08:43:30.047"," ","8746"
"09/27/2026 08:44:00.063","74.318841922544919498","9353"
"09/27/2026 08:44:30.088","80.115140963031933552","8599"
"09/27/2026 08:45:00.097","85.017492495681480591","7762"
"09/27/2026 08:45:30.114","85.781700205043506458","8469"
"09/27/2026 08:46:00.137","60.959198145319284379","9058"
"09/27/2026 08:46:30.146","48.736998092748692102","10553"
"09/27/2026 08:47:00.166","36.752122243066054352","12217"
"09/27/2026 08:47:30.184","22.173677511084989078","12995"
"09/27/2026 08:48:00.199","16.481392035575904487","13087"
"09/27/2026 08:48:30.216","44.879394026162131581","11728"
"09/27/2026 08:49:00.239","86.968378324514489464","7942"
"09/27/2026 08:49:30.258","79.991079044453954339","10247"
"09/27/2026 08:50:00.272","82.679650855279533062","9522"
"09/27/2026 08:50:30.297","71.888606767761743299","8331"
"09/27/2026 08:51:00.317","79.994805317911129805","9087"
"09/27/2026 08:51:30.336","61.058072244484009161","8657"
"09/27/2026 08:52:00.411","47.492770840847512659","9963"
"09/27/2026 08:52:30.430","33.260219430054938528","13533"
"09/27/2026 08:53:00.447","28.337209684900955153","14531"
"09/27/2026 08:53:30.463","23.199873792741477985","14444"
"09/27/2026 08:54:00.476","19.496633648783557646","14399"
"09/27/2026 08:54:30.492","32.341047705356153585","13653"
"09/27/2026 08:55:00.505","65.757102959473598958","13509"
"09/27/2026 08:55:30.514","53.954260148774068284","13459"
"09/27/2026 08:56:00.523","63.851511338133867923","13262"
"09/27/2026 08:56:30.543","60.843737458857560796","13081"
"09/27/2026 08:57:00.574","75.057576893871342349","13032"
"09/27/2026 08:57:30.588","78.090880663474976586","13039"
"09/27/2026 08:58:00.606","74.661623027405070729","13016"
"09/27/2026 08:58:30.628","64.552296362842568556","13214"
"09/27/2026 08:59:00.651","72.910349426077047497","13292"
"09/27/2026 08:59:30.685","75.759874678096551293","13073"
"09/27/2026 09:00:00.717","66.388695783563562713","12957"
"09/27/2026 09:00:30.738","68.283477855639574727","12972"
"09/27/2026 09:01:00.752","68.311701321185850588","12954"
"09/27/2026 09:01:30.780","73.488651183728691763","12914"
"09/27/2026 09:02:00.812","63.545816305890227227","13229"
"09/27/2026 09:02:30.827","68.661569717176988092","12842"
"09/27/2026 09:03:00.851","67.905286928162908566","12899"
"09/27/2026 09:03:30.858","77.945887950704545233","12756"
"09/27/2026 09:04:00.868","97.87568990510848721","11549"
"09/27/2026 09:04:30.914","99.997399616899969033","11865"
"09/27/2026 09:05:01.058","99.945573970930567498","11008"
"09/27/2026 09:05:31.109","99.994800564772134521","5452"
"09/27/2026 09:06:01.188","99.99740245848444431","6564"
"09/27/2026 09:06:31.237","99.992200921849899942","8967"
"09/27/2026 09:07:01.290","78.875030333855036702","9712"
"09/27/2026 09:07:31.309","75.310010288208033558","9121"
"09/27/2026 09:08:01.335","75.197909648601395816","7750"
"09/27/2026 09:08:31.367","71.76445601913545147","6991"
"09/27/2026 09:09:01.388","78.776511640553962934","7206"
"09/27/2026 09:09:31.402","66.245637292200370894","9733"
"09/27/2026 09:10:01.419","31.986798453726638769","12113"
"09/27/2026 09:10:31.436","8.374880631448277768","13117"
"09/27/2026 09:11:01.457","23.860077190952498682","13967"
"09/27/2026 09:11:31.572","19.423749304090986101","13937"
"09/27/2026 09:12:01.585","55.816869928236876319","13763"
"09/27/2026 09:12:31.605","57.116568704968614156","13580"
"09/27/2026 09:13:01.620","51.896351581451540369","13474"
"09/27/2026 09:13:31.757","48.212436629713351977","13442"
"09/27/2026 09:14:01.773","73.807184425634929426","13364"
"09/27/2026 09:14:31.817","63.551860720948383232","13208"
"09/27/2026 09:15:01.836","61.405512680296205019","13142"
"09/27/2026 09:15:31.856","65.587418368931764689","13114"
"09/27/2026 09:16:01.871","64.073734960040653164","12886"
"09/27/2026 09:16:31.901","79.078411940074531117","12946"
"09/27/2026 09:17:02.002","77.455159257577264498","12837"
"09/27/2026 09:17:32.024","76.725590764711753877","12906"
"09/27/2026 09:18:02.045","71.881748619786222321","12856"
"09/27/2026 09:18:32.066","75.953957512245992234","12764"
"09/27/2026 09:19:02.085","78.812857762213667456","13100"
"09/27/2026 09:19:32.092","76.032224314189988945","13100"
"09/27/2026 09:20:02.114","77.157267453508950439","12978"
"09/27/2026 09:20:32.129","78.20311431187340645","12900"
"09/27/2026 09:21:02.155","79.434359081892097265","12733"
"09/27/2026 09:21:32.166","80.158636014869856012","12890"
"09/27/2026 09:22:02.176","82.050464068550638785","11536"
"09/27/2026 09:22:32.241","99.997401255612970772","10636"
"09/27/2026 09:23:02.436","100","10996"
"09/27/2026 09:23:32.660","99.989660516474970109","8719"
"09/27/2026 09:24:02.718","99.994801616044327375","7713"
"09/27/2026 09:24:32.771","100","8695"
"09/27/2026 09:25:02.800","79.127581149467630439","9702"
"09/27/2026 09:25:32.819","75.080583028110979171","8398"
"09/27/2026 09:26:02.853","73.105827505101046881","8046"
"09/27/2026 09:26:32.870","72.903699760158445997","6690"
"09/27/2026 09:27:02.883","83.259565285095035847","7252"
"09/27/2026 09:27:32.890","51.39512330053628375","8953"
"09/27/2026 09:28:02.906","29.556729345571607581","11591"
"09/27/2026 09:28:32.914","19.047095088646958772","12475"
"09/27/2026 09:29:02.934","21.358297715114272108","12771"
"09/27/2026 09:29:32.945","11.527938019594497376","12801"
"09/27/2026 09:30:02.962","20.625654350475329579","12579"
"09/27/2026 09:30:32.968","54.846863070188668132","12282"
"09/27/2026 09:31:02.977","59.494730847146747976","12201"
"09/27/2026 09:31:32.986","59.485987078816336293","12109"
"09/27/2026 09:32:02.997","60.537234436972028107","12114"
"09/27/2026 09:32:33.003","67.184359435930133486","11884"
"09/27/2026 09:33:03.016","61.485046575476154374","11757"
"09/27/2026 09:33:33.039","67.777701529758175525","11972"
"09/27/2026 09:34:03.058","52.200363851984590724","11762"
"09/27/2026 09:34:33.101","73.943366371771730883","11581"
"09/27/2026 09:35:03.261","73.021036553617975073","11680"
"09/27/2026 09:35:33.276","65.642720339606171365","9554"
"09/27/2026 09:36:03.325","99.750415369557316581","10645"
"09/27/2026 09:36:33.361","97.775972517087950564","9870"
"09/27/2026 09:37:03.373","99.992190953884630744","6259"
"09/27/2026 09:37:33.563","100","6366"
"09/27/2026 09:38:03.711","99.994817314808244646","7475"
"09/27/2026 09:38:33.807","58.522934488614275494","10431"
"09/27/2026 09:39:03.822","72.370211269493921691","9430"
"09/27/2026 09:39:33.833","33.22570737285506226","11342"
"09/27/2026 09:40:03.844","31.091584180635866375","11395"
"09/27/2026 09:40:33.854","26.866826624274796842","11295"
"09/27/2026 09:41:03.861","28.569768493343893567","11038"
"09/27/2026 09:41:33.867","34.205100192880365739","10577"
"09/27/2026 09:42:03.880","48.82167179179425176","7822"
"09/27/2026 09:42:33.889","51.519090518557277392","7850"
"09/27/2026 09:43:03.917","37.044195341136585853","7881"
"09/27/2026 09:43:33.984","40.021497294664328592","7813"
"09/27/2026 09:44:04.006","63.578609517640181537","7774"
"09/27/2026 09:44:34.018","57.613304490289692694","7872"
"09/27/2026 09:45:04.043","39.255521046916243222","7699"
"09/27/2026 09:45:34.064","74.067576620754181249","7782"
"09/27/2026 09:46:04.080","58.272329311139017705","7674"
"09/27/2026 09:46:34.098","63.475362903547384974","7722"
"09/27/2026 09:47:04.125","50.117446489635007367","7675"
"09/27/2026 09:47:34.135","42.914954540160564989","7600"
"09/27/2026 09:48:04.154","69.824109743338127032","5649"
"09/27/2026 09:48:34.562","93.584481720692522799","6188"
"09/27/2026 09:49:04.571","80.16565314798637587","5984"
