"(PDH-CSV 4.0) (W. Europe Daylight Time)(-120)","\\DLH-5CD3129BVL\Processor(_Total)\% Processor Time"
"09/27/2026 08:06:58.467"," "
"09/27/2026 08:07:28.477","84.151853146261416327"
"09/27/2026 08:07:58.489","71.03690543380749034"
"09/27/2026 08:08:28.509","66.87360265054581987"
"09/27/2026 08:08:58.542","83.138237030208699707"
"09/27/2026 08:09:28.581","56.38500317198009526"
"09/27/2026 08:09:58.596","53.389630248965993076"
"09/27/2026 08:10:28.605","72.534136222933284444"
"09/27/2026 08:10:58.633","78.322323441369931629"
"09/27/2026 08:11:28.685","84.699393209366476754"
"09/27/2026 08:11:58.711","76.858741671061991951"
"09/27/2026 08:12:28.761","75.210270400451364026"
"09/27/2026 08:12:58.777","73.514686988908422904"
"09/27/2026 08:13:28.801","74.689665308384462605"
"09/27/2026 08:13:58.820","70.95579175191255672"
"09/27/2026 08:14:28.848","71.700152621541732856"
"09/27/2026 08:14:58.864","69.438539756784493306"
"09/27/2026 08:15:28.884","67.273961564190130957"
"09/27/2026 08:15:58.895","71.31674453099144273"
"09/27/2026 08:16:28.932","82.614198252772325759"
"09/27/2026 08:16:59.022","99.997403946002066277"
"09/27/2026 08:17:29.056","99.994797454533184577"
"09/27/2026 08:17:59.313","100"
"09/27/2026 08:18:29.379","99.994803383771753147"
"09/27/2026 08:18:59.419","99.992197351829545937"
"09/27/2026 08:19:29.488","99.994803893520895599"
"09/27/2026 08:19:59.509","74.298265490642137365"
"09/27/2026 08:20:29.587","100"
"09/27/2026 08:20:59.803","99.997414674846325511"
"09/27/2026 08:21:29.840","99.994798146234430192"
"09/27/2026 08:21:59.897","99.994801507240183014"
"09/27/2026 08:22:29.956","84.9639258150954646"
"09/27/2026 08:22:59.978","53.143863147156288562"
"09/27/2026 08:23:29.998","26.814394911422954948"
"09/27/2026 08:24:00.020","13.928277842258761865"
"09/27/2026 08:24:30.040","19.289740168253743491"
"09/27/2026 08:25:00.053","29.589789964242253717"
"09/27/2026 08:25:30.070","30.677365754292495126"
"09/27/2026 08:26:00.076","63.66411720310396305"
"09/27/2026 08:26:30.087","80.838378191681741214"
"09/27/2026 08:27:00.109","58.414526359596699479"
"09/27/2026 08:27:30.141","72.661318891716149437"
"09/27/2026 08:28:00.167","66.602578252817210114"
"09/27/2026 08:28:30.188","66.538415127763400392"
"09/27/2026 08:29:00.226","83.95533357668556107"
"09/27/2026 08:29:30.244","82.286574541802124827"
"09/27/2026 08:30:00.256","80.833316090346045257"
"09/27/2026 08:30:30.274","74.288679689648517979"
"09/27/2026 08:31:00.286","71.943328319605583943"
"09/27/2026 08:31:30.322","75.898794414769128025"
"09/27/2026 08:32:00.343","77.34704006856290448"
"09/27/2026 08:32:30.350","78.319672261857704143"
"09/27/2026 08:33:00.367","72.549664719942356328"
"09/27/2026 08:33:30.386","74.555432096094307326"
"09/27/2026 08:34:00.398","63.042780288678599732"
"09/27/2026 08:34:30.417","79.838703600747564337"
"09/27/2026 08:35:00.432","100"
"09/27/2026 08:35:30.520","99.994806896930114704"
"09/27/2026 08:36:00.990","99.933338303301255223"
"09/27/2026 08:36:31.053","99.994866979034668475"
"09/27/2026 08:37:01.456","99.994796057042520943"
"09/27/2026 08:37:31.479","88.800307341549583384"
