step	start_utc	seconds	exit
relwithdebinfo.configure	2026-09-27T06:06:08Z	586.3	0
relwithdebinfo.compile	2026-09-27T06:15:54Z	232.5	0
relwithdebinfo.lint	2026-09-27T06:19:47Z	273.5	0
relwithdebinfo.format-check	2026-09-27T06:24:21Z	2.4	0
relwithdebinfo.doc-links	2026-09-27T06:24:24Z	3.4	0
relwithdebinfo.mutant-anchors	2026-09-27T06:24:27Z	1.3	0
relwithdebinfo.ctest	2026-09-27T06:24:29Z	47.9	0
debug.configure	2026-09-27T06:25:17Z	527.2	0
debug.compile	2026-09-27T06:34:05Z	199.6	0
debug.lint	2026-09-27T06:37:25Z	92.5	1
debug.format-check	2026-09-27T06:38:58Z	3.2	0
debug.doc-links	2026-09-27T06:39:02Z	4.6	0
debug.mutant-anchors	2026-09-27T06:39:08Z	1.7	0
relwithdebinfo.lint-j10	2026-09-27T06:42:59Z	313.1	0
debug.lint-j10	2026-09-27T06:48:13Z	267.4	0
debug.ctest	2026-09-27T06:52:41Z	113.0	0
relwithdebinfo-repeat.configure	2026-09-27T06:54:34Z	519.6	0
relwithdebinfo-repeat.compile	2026-09-27T07:03:15Z	215.0	0
relwithdebinfo-repeat.lint-j10	2026-09-27T07:06:50Z	228.2	0
relwithdebinfo-repeat.format-check	2026-09-27T07:10:38Z	2.4	0
relwithdebinfo-repeat.doc-links	2026-09-27T07:10:41Z	3.5	0
relwithdebinfo-repeat.mutant-anchors	2026-09-27T07:10:45Z	1.0	0
relwithdebinfo-repeat.ctest	2026-09-27T07:10:46Z	51.6	0
asan.configure	2026-09-27T07:11:38Z	596.3	0
asan.compile	2026-09-27T07:21:34Z	197.5	0
asan.lint-j10	2026-09-27T07:24:52Z	206.4	0
asan.format-check	2026-09-27T07:28:19Z	2.2	0
asan.doc-links	2026-09-27T07:28:21Z	1.0	0
asan.mutant-anchors	2026-09-27T07:28:23Z	1.0	0
asan.ctest	2026-09-27T07:28:24Z	98.3	0
windows-msvc.configure	2026-09-27T07:30:03Z	305.3	0
windows-msvc.compile	2026-09-27T07:35:08Z	190.9	0
windows-msvc.lint-j10	2026-09-27T07:38:20Z	47.0	1
windows-msvc.format-check	2026-09-27T07:39:07Z	10.0	0
windows-msvc.doc-links	2026-09-27T07:39:17Z	11.1	0
windows-msvc.mutant-anchors	2026-09-27T07:39:29Z	7.6	0
windows-msvc.ctest	2026-09-27T07:39:43Z	121.2	0
linux-sanitize.configure	2026-09-27T07:41:45Z	346.0	0
windows-fuzz.configure	2026-09-27T08:00:17Z	201.0	0
windows-fuzz.compile	2026-09-27T08:03:39Z	178.5	0
win.fuzz_orbit.240	2026-09-27T08:06:38Z	242.1	-
win.fuzz_time.240	2026-09-27T08:10:40Z	243.9	-
win.fuzz_orbit.1800	2026-09-27T08:14:44Z	1801.4	-
win.fuzz_time.1800	2026-09-27T08:44:46Z	1801.6	-
mutants.m1-08	2026-09-27T09:15:07Z	142.1	0
mutants.m1-09	2026-09-27T09:17:30Z	285.1	0
mutants.m1-10	2026-09-27T10:13:03Z	224.6	0
mutants.m1-11	2026-09-27T10:16:48Z	235.8	0
mutants.m1-12-release	2026-09-27T10:20:45Z	121.6	0
mutants.m1-12	2026-09-27T10:22:48Z	519.3	0
mutants.m1-13	2026-09-27T10:31:28Z	258.4	0
mutants.m1-14	2026-09-27T10:35:47Z	248.1	0
mutants.m1-15	2026-09-27T10:39:56Z	329.4	0
mutants.m1-16	2026-09-27T10:45:27Z	514.2	0
mutants.m1-87	2026-09-27T10:54:02Z	373.9	0
